Unnamed: 0,Compressive strength of cementfce(MPa),Tensile strength of cementfct(MPa),Curing age (day),Dmax of Crushed stone(mm),Stone powder content in Sand (%),Fineness modulus of sand ,W/B,Water to cement ratio mw/mc,Water(kg/m3),Sand ratio(%),Slump(mm),"Compressive strengthfcu,t(MPa)","Splitting tensile strengthfst,t(MPa)"
0.0,46.8,8.0,3.0,31.5,5.0,3.34,0.56,0.56,180.0,44.0,50.0,32.5,1.18
1.0,46.8,8.0,3.0,31.5,9.0,3.27,0.56,0.56,180.0,44.0,70.0,28.7,1.13
2.0,46.8,8.0,3.0,31.5,13.0,2.77,0.56,0.56,180.0,44.0,50.0,28.5,1.56
3.0,46.8,8.0,7.0,31.5,5.0,3.34,0.56,0.56,180.0,44.0,50.0,33.5,1.39
4.0,46.8,8.0,7.0,31.5,9.0,3.27,0.56,0.56,180.0,44.0,70.0,34.9,1.38
5.0,46.8,8.0,7.0,31.5,13.0,2.77,0.56,0.56,180.0,44.0,50.0,34.7,1.42
6.0,46.8,8.0,14.0,31.5,5.0,3.34,0.56,0.56,180.0,44.0,50.0,39.7,2.62
7.0,46.8,8.0,14.0,31.5,9.0,3.27,0.56,0.56,180.0,44.0,70.0,38.9,3.05
8.0,46.8,8.0,14.0,31.5,13.0,2.77,0.56,0.56,180.0,44.0,50.0,37.0,2.31
9.0,46.8,8.0,28.0,31.5,5.0,3.34,0.56,0.56,180.0,44.0,50.0,41.2,3.02
10.0,46.8,8.0,28.0,31.5,9.0,3.27,0.56,0.56,180.0,44.0,70.0,41.3,3.75
11.0,46.8,8.0,28.0,31.5,13.0,2.77,0.56,0.56,180.0,44.0,50.0,40.5,3.01
12.0,46.8,8.0,42.0,31.5,5.0,3.34,0.56,0.56,180.0,44.0,50.0,42.0,3.31
13.0,46.8,8.0,42.0,31.5,9.0,3.27,0.56,0.56,180.0,44.0,70.0,41.8,3.82
14.0,46.8,8.0,42.0,31.5,13.0,2.77,0.56,0.56,180.0,44.0,50.0,42.3,3.43
15.0,46.8,8.0,56.0,31.5,5.0,3.34,0.56,0.56,180.0,44.0,50.0,43.8,3.73
16.0,46.8,8.0,56.0,31.5,9.0,3.27,0.56,0.56,180.0,44.0,70.0,42.4,3.99
17.0,46.8,8.0,56.0,31.5,13.0,2.77,0.56,0.56,180.0,44.0,50.0,45.0,3.68
18.0,46.8,8.0,84.0,31.5,5.0,3.34,0.56,0.56,180.0,44.0,50.0,47.4,4.42
19.0,46.8,8.0,84.0,31.5,9.0,3.27,0.56,0.56,180.0,44.0,70.0,48.8,4.21
20.0,46.8,8.0,84.0,31.5,13.0,2.77,0.56,0.56,180.0,44.0,50.0,48.0,4.48
21.0,46.8,8.0,118.0,31.5,5.0,3.34,0.56,0.56,180.0,44.0,50.0,48.9,4.37
22.0,46.8,8.0,118.0,31.5,9.0,3.27,0.56,0.56,180.0,44.0,70.0,49.3,4.03
23.0,46.8,8.0,118.0,31.5,13.0,2.77,0.56,0.56,180.0,44.0,50.0,48.7,4.41
24.0,46.8,8.0,178.0,31.5,5.0,3.34,0.56,0.56,180.0,44.0,50.0,49.7,4.68
25.0,46.8,8.0,178.0,31.5,9.0,3.27,0.56,0.56,180.0,44.0,70.0,51.9,4.22
26.0,46.8,8.0,178.0,31.5,13.0,2.77,0.56,0.56,180.0,44.0,50.0,49.9,4.42
27.0,46.8,8.0,238.0,31.5,5.0,3.34,0.56,0.56,180.0,44.0,50.0,51.1,4.22
28.0,46.8,8.0,238.0,31.5,9.0,3.27,0.56,0.56,180.0,44.0,70.0,55.4,3.92
29.0,46.8,8.0,238.0,31.5,13.0,2.77,0.56,0.56,180.0,44.0,50.0,54.5,4.12
30.0,46.8,8.0,298.0,31.5,5.0,3.34,0.56,0.56,180.0,44.0,50.0,51.2,4.36
31.0,46.8,8.0,298.0,31.5,9.0,3.27,0.56,0.56,180.0,44.0,70.0,56.2,4.05
32.0,46.8,8.0,298.0,31.5,13.0,2.77,0.56,0.56,180.0,44.0,50.0,54.8,4.23
33.0,46.8,8.0,358.0,31.5,5.0,3.34,0.56,0.56,180.0,44.0,50.0,51.6,4.41
34.0,46.8,8.0,358.0,31.5,9.0,3.27,0.56,0.56,180.0,44.0,70.0,56.4,4.22
35.0,46.8,8.0,358.0,31.5,13.0,2.77,0.56,0.56,180.0,44.0,50.0,55.1,4.32
36.0,46.8,8.0,3.0,31.5,5.0,3.34,0.45,0.45,180.0,36.0,110.0,38.4,2.67
37.0,46.8,8.0,3.0,31.5,9.0,3.27,0.45,0.45,180.0,36.0,160.0,38.0,2.61
38.0,46.8,8.0,3.0,31.5,13.0,2.77,0.45,0.45,180.0,36.0,45.0,38.1,2.71
39.0,46.8,8.0,7.0,31.5,5.0,3.34,0.45,0.45,180.0,36.0,110.0,42.2,2.81
40.0,46.8,8.0,7.0,31.5,9.0,3.27,0.45,0.45,180.0,36.0,160.0,42.3,3.02
41.0,46.8,8.0,7.0,31.5,13.0,2.77,0.45,0.45,180.0,36.0,45.0,41.7,2.95
42.0,46.8,8.0,14.0,31.5,5.0,3.34,0.45,0.45,180.0,36.0,110.0,44.9,3.06
43.0,46.8,8.0,14.0,31.5,9.0,3.27,0.45,0.45,180.0,36.0,160.0,44.8,3.05
44.0,46.8,8.0,14.0,31.5,13.0,2.77,0.45,0.45,180.0,36.0,45.0,44.2,3.01
45.0,46.8,8.0,28.0,31.5,5.0,3.34,0.45,0.45,180.0,36.0,110.0,54.2,3.46
46.0,46.8,8.0,28.0,31.5,9.0,3.27,0.45,0.45,180.0,36.0,160.0,50.9,3.19
47.0,46.8,8.0,28.0,31.5,13.0,2.77,0.45,0.45,180.0,36.0,45.0,51.5,3.37
48.0,46.8,8.0,35.0,31.5,5.0,3.34,0.45,0.45,180.0,36.0,110.0,51.6,3.49
49.0,46.8,8.0,35.0,31.5,9.0,3.27,0.45,0.45,180.0,36.0,160.0,52.3,3.34
50.0,46.8,8.0,35.0,31.5,13.0,2.77,0.45,0.45,180.0,36.0,45.0,52.6,3.43
51.0,46.8,8.0,42.0,31.5,5.0,3.34,0.45,0.45,180.0,36.0,110.0,53.7,3.54
52.0,46.8,8.0,42.0,31.5,9.0,3.27,0.45,0.45,180.0,36.0,160.0,53.6,3.67
53.0,46.8,8.0,42.0,31.5,13.0,2.77,0.45,0.45,180.0,36.0,45.0,54.0,3.56
54.0,46.8,8.0,56.0,31.5,5.0,3.34,0.45,0.45,180.0,36.0,110.0,54.2,3.96
55.0,46.8,8.0,56.0,31.5,9.0,3.27,0.45,0.45,180.0,36.0,160.0,54.3,3.81
56.0,46.8,8.0,56.0,31.5,13.0,2.77,0.45,0.45,180.0,36.0,45.0,56.0,3.76
57.0,46.8,8.0,70.0,31.5,5.0,3.34,0.45,0.45,180.0,36.0,110.0,55.3,4.12
58.0,46.8,8.0,70.0,31.5,9.0,3.27,0.45,0.45,180.0,36.0,160.0,55.0,3.86
59.0,46.8,8.0,70.0,31.5,13.0,2.77,0.45,0.45,180.0,36.0,45.0,56.5,3.78
60.0,46.8,8.0,84.0,31.5,5.0,3.34,0.45,0.45,180.0,36.0,110.0,56.5,4.32
61.0,46.8,8.0,84.0,31.5,9.0,3.27,0.45,0.45,180.0,36.0,160.0,58.3,4.27
62.0,46.8,8.0,84.0,31.5,13.0,2.77,0.45,0.45,180.0,36.0,45.0,57.0,4.48
63.0,46.8,8.0,98.0,31.5,5.0,3.34,0.45,0.45,180.0,36.0,110.0,58.0,4.47
64.0,46.8,8.0,98.0,31.5,9.0,3.27,0.45,0.45,180.0,36.0,160.0,58.8,4.31
65.0,46.8,8.0,98.0,31.5,13.0,2.77,0.45,0.45,180.0,36.0,45.0,57.2,4.52
66.0,46.8,8.0,118.0,31.5,5.0,3.34,0.45,0.45,180.0,36.0,110.0,59.7,4.61
67.0,46.8,8.0,118.0,31.5,9.0,3.27,0.45,0.45,180.0,36.0,160.0,63.7,4.38
68.0,46.8,8.0,118.0,31.5,13.0,2.77,0.45,0.45,180.0,36.0,45.0,63.0,4.48
69.0,46.8,8.0,148.0,31.5,5.0,3.34,0.45,0.45,180.0,36.0,110.0,62.4,4.47
70.0,46.8,8.0,148.0,31.5,9.0,3.27,0.45,0.45,180.0,36.0,160.0,64.1,4.27
71.0,46.8,8.0,148.0,31.5,13.0,2.77,0.45,0.45,180.0,36.0,45.0,65.0,4.69
72.0,46.8,8.0,178.0,31.5,5.0,3.34,0.45,0.45,180.0,36.0,110.0,63.1,4.45
73.0,46.8,8.0,178.0,31.5,9.0,3.27,0.45,0.45,180.0,36.0,160.0,64.3,4.07
74.0,46.8,8.0,178.0,31.5,13.0,2.77,0.45,0.45,180.0,36.0,45.0,66.2,4.29
75.0,46.8,8.0,208.0,31.5,5.0,3.34,0.45,0.45,180.0,36.0,110.0,63.6,4.32
76.0,46.8,8.0,208.0,31.5,9.0,3.27,0.45,0.45,180.0,36.0,160.0,65.1,4.41
77.0,46.8,8.0,208.0,31.5,13.0,2.77,0.45,0.45,180.0,36.0,45.0,67.0,4.31
78.0,46.8,8.0,238.0,31.5,5.0,3.34,0.45,0.45,180.0,36.0,110.0,64.4,4.26
79.0,46.8,8.0,238.0,31.5,9.0,3.27,0.45,0.45,180.0,36.0,160.0,67.8,4.09
80.0,46.8,8.0,238.0,31.5,13.0,2.77,0.45,0.45,180.0,36.0,45.0,68.7,4.24
81.0,46.8,8.0,268.0,31.5,5.0,3.34,0.45,0.45,180.0,36.0,110.0,65.4,4.19
82.0,46.8,8.0,268.0,31.5,9.0,3.27,0.45,0.45,180.0,36.0,160.0,68.3,4.29
83.0,46.8,8.0,268.0,31.5,13.0,2.77,0.45,0.45,180.0,36.0,45.0,69.2,4.25
84.0,46.8,8.0,298.0,31.5,5.0,3.34,0.45,0.45,180.0,36.0,110.0,67.1,4.21
85.0,46.8,8.0,298.0,31.5,9.0,3.27,0.45,0.45,180.0,36.0,160.0,70.8,4.04
86.0,46.8,8.0,298.0,31.5,13.0,2.77,0.45,0.45,180.0,36.0,45.0,71.2,4.35
87.0,46.8,8.0,328.0,31.5,5.0,3.34,0.45,0.45,180.0,36.0,110.0,67.6,4.43
88.0,46.8,8.0,328.0,31.5,9.0,3.27,0.45,0.45,180.0,36.0,160.0,71.1,4.11
89.0,46.8,8.0,328.0,31.5,13.0,2.77,0.45,0.45,180.0,36.0,45.0,71.4,4.3
90.0,46.8,8.0,358.0,31.5,5.0,3.34,0.45,0.45,180.0,36.0,110.0,67.8,4.45
91.0,46.8,8.0,358.0,31.5,9.0,3.27,0.45,0.45,180.0,36.0,160.0,71.5,4.22
92.0,46.8,8.0,358.0,31.5,13.0,2.77,0.45,0.45,180.0,36.0,45.0,72.0,4.35
93.0,46.8,8.0,388.0,31.5,5.0,3.34,0.45,0.45,180.0,36.0,110.0,68.2,4.52
94.0,46.8,8.0,388.0,31.5,9.0,3.27,0.45,0.45,180.0,36.0,160.0,71.9,4.31
95.0,46.8,8.0,388.0,31.5,13.0,2.77,0.45,0.45,180.0,36.0,45.0,72.4,4.41
96.0,46.8,8.0,3.0,31.5,5.0,3.34,0.4,0.4,185.0,34.0,30.0,42.7,2.96
97.0,46.8,8.0,3.0,31.5,9.0,3.27,0.4,0.4,185.0,34.0,60.0,39.7,2.64
98.0,46.8,8.0,3.0,31.5,13.0,2.77,0.4,0.4,185.0,34.0,50.0,34.0,2.39
99.0,46.8,8.0,7.0,31.5,5.0,3.34,0.4,0.4,185.0,34.0,30.0,49.4,3.08
100.0,46.8,8.0,7.0,31.5,9.0,3.27,0.4,0.4,185.0,34.0,60.0,49.7,3.39
101.0,46.8,8.0,7.0,31.5,13.0,2.77,0.4,0.4,185.0,34.0,50.0,43.6,3.11
102.0,46.8,8.0,14.0,31.5,5.0,3.34,0.4,0.4,185.0,34.0,30.0,51.9,3.41
103.0,46.8,8.0,14.0,31.5,9.0,3.27,0.4,0.4,185.0,34.0,60.0,51.4,3.45
104.0,46.8,8.0,14.0,31.5,13.0,2.77,0.4,0.4,185.0,34.0,50.0,43.8,3.45
105.0,46.8,8.0,28.0,31.5,5.0,3.34,0.4,0.4,185.0,34.0,30.0,52.9,3.67
106.0,46.8,8.0,28.0,31.5,9.0,3.27,0.4,0.4,185.0,34.0,60.0,61.7,3.52
107.0,46.8,8.0,28.0,31.5,13.0,2.77,0.4,0.4,185.0,34.0,50.0,57.7,3.75
108.0,46.8,8.0,42.0,31.5,5.0,3.34,0.4,0.4,185.0,34.0,30.0,64.0,3.94
109.0,46.8,8.0,42.0,31.5,9.0,3.27,0.4,0.4,185.0,34.0,60.0,62.5,3.81
110.0,46.8,8.0,42.0,31.5,13.0,2.77,0.4,0.4,185.0,34.0,50.0,60.6,3.79
111.0,46.8,8.0,56.0,31.5,5.0,3.34,0.4,0.4,185.0,34.0,30.0,65.0,3.97
112.0,46.8,8.0,56.0,31.5,9.0,3.27,0.4,0.4,185.0,34.0,60.0,64.0,4.03
113.0,46.8,8.0,56.0,31.5,13.0,2.77,0.4,0.4,185.0,34.0,50.0,61.2,3.99
114.0,46.8,8.0,84.0,31.5,5.0,3.34,0.4,0.4,185.0,34.0,30.0,66.9,4.02
115.0,46.8,8.0,84.0,31.5,9.0,3.27,0.4,0.4,185.0,34.0,60.0,64.6,4.42
116.0,46.8,8.0,84.0,31.5,13.0,2.77,0.4,0.4,185.0,34.0,50.0,63.0,4.35
117.0,46.8,8.0,118.0,31.5,5.0,3.34,0.4,0.4,185.0,34.0,30.0,67.3,4.37
118.0,46.8,8.0,118.0,31.5,9.0,3.27,0.4,0.4,185.0,34.0,60.0,65.0,4.47
119.0,46.8,8.0,118.0,31.5,13.0,2.77,0.4,0.4,185.0,34.0,50.0,64.0,4.03
120.0,46.8,8.0,178.0,31.5,5.0,3.34,0.4,0.4,185.0,34.0,30.0,68.0,4.68
121.0,46.8,8.0,178.0,31.5,9.0,3.27,0.4,0.4,185.0,34.0,60.0,69.6,4.33
122.0,46.8,8.0,178.0,31.5,13.0,2.77,0.4,0.4,185.0,34.0,50.0,67.8,3.99
123.0,46.8,8.0,238.0,31.5,5.0,3.34,0.4,0.4,185.0,34.0,30.0,73.0,4.55
124.0,46.8,8.0,238.0,31.5,9.0,3.27,0.4,0.4,185.0,34.0,60.0,71.0,4.02
125.0,46.8,8.0,238.0,31.5,13.0,2.77,0.4,0.4,185.0,34.0,50.0,68.0,4.05
126.0,46.8,8.0,298.0,31.5,5.0,3.34,0.4,0.4,185.0,34.0,30.0,74.1,4.59
127.0,46.8,8.0,298.0,31.5,9.0,3.27,0.4,0.4,185.0,34.0,60.0,77.9,4.11
128.0,46.8,8.0,298.0,31.5,13.0,2.77,0.4,0.4,185.0,34.0,50.0,70.6,4.18
129.0,46.8,8.0,358.0,31.5,5.0,3.34,0.4,0.4,185.0,34.0,30.0,74.6,4.51
130.0,46.8,8.0,358.0,31.5,9.0,3.27,0.4,0.4,185.0,34.0,60.0,78.2,4.24
131.0,46.8,8.0,358.0,31.5,13.0,2.77,0.4,0.4,185.0,34.0,50.0,73.1,4.34
132.0,38.2,6.9,28.0,25.0,3.0,3.19,0.47,0.47,190.0,36.0,22.0,47.1,2.95
133.0,38.2,6.9,28.0,25.0,5.0,3.19,0.47,0.47,190.0,36.0,16.0,40.7,3.16
134.0,38.2,6.9,28.0,25.0,7.0,3.19,0.47,0.47,190.0,36.0,28.0,44.3,3.44
135.0,38.2,6.9,28.0,25.0,10.0,3.19,0.47,0.47,190.0,36.0,11.0,45.9,3.57
136.0,38.2,6.9,28.0,25.0,13.0,3.19,0.47,0.47,190.0,36.0,17.0,43.4,3.6
137.0,38.2,6.9,28.0,25.0,16.0,3.19,0.47,0.47,190.0,36.0,12.0,44.3,3.58
138.0,47.7,8.7,28.0,25.0,3.0,3.19,0.32,0.32,170.0,30.0,20.0,69.6,4.0
139.0,47.7,8.7,28.0,25.0,5.0,3.19,0.32,0.32,170.0,30.0,11.0,71.6,4.1
140.0,47.7,8.7,28.0,25.0,7.0,3.19,0.32,0.32,170.0,30.0,13.0,74.7,4.34
141.0,47.7,8.7,28.0,25.0,10.0,3.19,0.32,0.32,170.0,30.0,35.0,69.8,3.9
142.0,47.7,8.7,28.0,25.0,13.0,3.19,0.32,0.32,170.0,30.0,20.0,69.8,4.37
143.0,47.7,8.7,28.0,25.0,16.0,3.19,0.32,0.32,170.0,30.0,18.0,70.1,4.2
144.0,47.7,8.7,28.0,25.0,5.0,3.19,0.44,0.44,180.0,32.0,85.0,57.0,3.68
145.0,47.7,8.7,28.0,25.0,7.0,3.19,0.44,0.44,180.0,32.0,108.0,59.6,3.91
146.0,47.7,8.7,28.0,25.0,10.0,3.19,0.44,0.44,180.0,32.0,75.0,56.7,4.11
147.0,47.7,8.7,28.0,25.0,13.0,3.19,0.44,0.44,180.0,32.0,80.0,57.0,3.42
148.0,47.7,8.7,28.0,25.0,16.0,3.19,0.44,0.44,180.0,32.0,60.0,56.2,2.86
149.0,46.3,8.4,28.0,25.0,5.0,3.19,0.56,0.56,170.0,42.0,135.0,42.9,3.34
150.0,46.3,8.4,28.0,25.0,9.0,3.19,0.56,0.56,170.0,42.0,80.0,43.8,3.31
151.0,46.3,8.4,28.0,25.0,13.0,3.19,0.56,0.56,170.0,42.0,50.0,43.9,2.76
152.0,46.3,8.4,28.0,25.0,5.0,3.19,0.45,0.45,185.0,34.0,70.0,48.7,3.11
153.0,46.3,8.4,28.0,25.0,9.0,3.19,0.45,0.45,185.0,34.0,160.0,50.1,3.51
154.0,46.3,8.4,28.0,25.0,13.0,3.19,0.45,0.45,185.0,34.0,100.0,56.3,4.61
155.0,46.3,8.4,28.0,25.0,5.0,3.19,0.4,0.4,190.0,32.0,150.0,55.6,4.19
156.0,46.3,8.4,28.0,25.0,9.0,3.19,0.4,0.4,190.0,32.0,170.0,60.7,4.33
157.0,46.3,8.4,28.0,25.0,13.0,3.19,0.4,0.4,190.0,32.0,175.0,57.2,2.45
158.0,46.3,8.4,28.0,25.0,5.0,3.19,0.32,0.32,175.0,28.0,50.0,70.9,3.95
159.0,46.3,8.4,28.0,25.0,9.0,3.19,0.32,0.32,175.0,28.0,110.0,68.1,4.23
160.0,46.3,8.4,28.0,25.0,13.0,3.19,0.32,0.32,175.0,28.0,100.0,66.7,5.45
161.0,38.2,6.9,28.0,26.5,3.0,3.23,0.47,0.47,190.0,36.0,12.0,40.3,3.32
162.0,38.2,6.9,28.0,26.5,7.0,3.23,0.47,0.47,190.0,36.0,19.0,38.7,3.14
163.0,38.2,6.9,28.0,26.5,13.0,3.23,0.47,0.47,190.0,36.0,15.0,40.7,2.96
164.0,47.7,8.7,28.0,26.5,3.0,3.23,0.44,0.44,180.0,32.0,75.0,50.4,3.65
165.0,47.7,8.7,28.0,26.5,7.0,3.23,0.44,0.44,180.0,32.0,83.0,50.3,3.88
166.0,47.7,8.7,28.0,26.5,13.0,3.23,0.44,0.44,180.0,32.0,60.0,55.4,4.08
167.0,47.7,8.7,28.0,26.5,3.0,3.23,0.32,0.32,170.0,30.0,11.0,62.6,4.57
168.0,47.7,8.7,28.0,26.5,7.0,3.23,0.32,0.32,170.0,30.0,15.0,63.1,5.16
169.0,47.7,8.7,28.0,26.5,13.0,3.23,0.32,0.32,170.0,30.0,18.0,59.9,5.32
170.0,48.2,8.4,28.0,26.5,5.0,3.23,0.55,0.55,160.0,38.0,115.0,43.4,2.96
171.0,48.2,8.4,28.0,26.5,9.0,3.23,0.55,0.55,160.0,38.0,125.0,44.2,3.45
172.0,48.2,8.4,28.0,26.5,13.0,3.23,0.55,0.55,160.0,38.0,22.0,43.2,3.2
173.0,48.2,8.4,28.0,26.5,5.0,3.23,0.44,0.44,170.0,34.0,30.0,55.0,3.3
174.0,48.2,8.4,28.0,26.5,9.0,3.23,0.44,0.44,170.0,34.0,135.0,52.4,3.47
175.0,48.2,8.4,28.0,26.5,13.0,3.23,0.44,0.44,170.0,34.0,90.0,53.5,3.18
176.0,48.2,8.4,28.0,26.5,5.0,3.23,0.36,0.36,170.0,32.0,95.0,59.9,3.51
177.0,48.2,8.4,28.0,26.5,9.0,3.23,0.36,0.36,170.0,32.0,85.0,57.2,5.24
178.0,48.2,8.4,28.0,26.5,13.0,3.23,0.36,0.36,170.0,32.0,70.0,59.6,4.53
179.0,48.2,8.4,28.0,26.5,5.0,3.23,0.31,0.31,170.0,30.0,35.0,68.2,3.62
180.0,48.2,8.4,28.0,26.5,9.0,3.23,0.31,0.31,170.0,30.0,20.0,68.3,3.99
181.0,48.2,8.4,28.0,26.5,13.0,3.23,0.31,0.31,170.0,30.0,25.0,66.0,4.36
182.0,46.3,8.4,28.0,26.5,6.75,3.19,0.56,0.56,170.0,42.0,97.4,39.2,3.47
183.0,46.3,8.4,28.0,26.5,6.75,3.19,0.44,0.44,180.0,32.0,87.0,50.1,3.77
184.0,46.3,8.4,28.0,26.5,6.75,3.19,0.32,0.32,170.0,28.0,59.0,59.1,4.31
185.0,48.3,7.4,28.0,25.0,7.5,2.9,0.51,1.01,222.0,45.0,92.0,57.0,2.87
186.0,47.82000000000001,8.4,28.0,30.0,4.3,3.0,0.25,0.33,150.0,41.0,49.0,74.4,5.41
187.0,57.32000000000001,9.48,60.0,30.0,4.3,3.0,0.25,0.33,150.0,41.0,140.0,84.5,6.37
188.0,60.279999999999994,9.684000000000001,90.0,30.0,4.3,3.0,0.25,0.33,150.0,41.0,177.0,94.1,6.5
189.0,50.32000000000001,8.364,120.0,30.0,4.3,3.0,0.25,0.33,150.0,41.0,47.0,100.5,6.65
190.0,39.82,7.68,28.0,31.5,5.8,3.1,0.42,0.42,185.0,36.0,36.0,38.3,3.04
191.0,39.82,7.68,28.0,31.5,5.8,3.1,0.44,0.44,185.0,36.0,40.0,36.2,2.75
192.0,39.82,7.6800000000000015,28.0,31.5,5.8,3.1,0.46,0.46,185.0,36.0,43.0,34.2,2.6
193.0,39.82000000000001,7.68,28.0,31.5,5.8,3.1,0.42,0.42,185.0,32.0,25.0,35.9,2.42
194.0,39.82,7.6800000000000015,28.0,31.5,5.8,3.1,0.42,0.42,185.0,40.0,40.0,37.3,3.24
195.0,50.019999999999996,8.604,28.0,23.9,7.220000000000001,3.008,0.45,0.45,180.0,39.0,205.0,47.4,4.98
196.0,50.019999999999996,8.604,28.0,23.9,9.709999999999999,2.84,0.5,0.5,180.0,39.0,205.0,45.3,4.68
197.0,50.019999999999996,8.604000000000001,28.0,23.9,9.709999999999999,2.84,0.55,0.55,180.0,40.0,200.0,41.7,4.5
198.0,39.82000000000001,7.68,28.0,31.5,4.3,2.86,0.458,0.458,184.0,36.8,69.6,35.8,1.63
199.0,39.82000000000001,7.68,28.0,29.2,7.5,3.04,0.496,0.496,195.2,37.6,89.6,36.5,1.77
200.0,39.82000000000001,7.68,28.0,24.6,10.8,2.76,0.522,0.522,198.8,38.4,95.0,37.8,1.84
201.0,43.54,7.884,28.0,26.0,19.2,2.35,0.582,0.582,184.8,37.8,82.0,34.3,1.72
202.0,35.5,7.2,28.0,30.0,14.2,2.2,0.57,0.57,178.0,35.0,20.0,27.9,1.97
203.0,35.5,7.2,28.0,30.0,14.2,2.2,0.64,0.64,178.0,35.0,20.0,24.7,2.05
204.0,35.5,7.2,28.0,30.0,14.2,2.2,0.69,0.69,178.0,35.0,20.0,22.8,2.11
205.0,52.28000000000001,8.506,28.0,20.0,13.0,3.55,0.59,0.59,203.0,40.0,70.0,43.1,2.65
206.0,52.28000000000001,8.506,28.0,20.0,7.8,3.55,0.63,0.63,241.0,40.0,140.0,38.9,2.18
207.0,51.879999999999995,8.706,28.0,20.0,16.3,3.55,0.56,0.56,185.0,39.0,100.0,39.0,2.87
208.0,52.279999999999994,8.505999999999998,28.0,20.0,11.3,3.55,0.47,0.47,196.0,43.0,60.0,49.0,2.19
209.0,63.4,10.2,28.0,16.0,3.0,3.5,0.25,0.48,150.0,37.0,240.0,94.3,6.2
210.0,63.4,10.2,28.0,16.0,5.0,3.5,0.25,0.48,150.0,37.0,225.0,94.6,6.4
211.0,63.4,10.2,28.0,16.0,7.0,3.5,0.25,0.48,150.0,37.0,220.0,96.3,5.4
212.0,63.4,10.2,28.0,16.0,10.0,3.5,0.25,0.48,150.0,37.0,180.0,91.0,5.6
213.0,55.6,8.91,1.0,20.0,19.4,2.8,0.28,0.4,180.0,45.0,69.0,4.23,0.6
214.0,55.6,8.91,3.0,20.0,19.4,2.8,0.28,0.4,180.0,45.0,69.0,14.9,1.35
215.0,55.6,8.91,7.0,20.0,19.4,2.8,0.28,0.4,180.0,45.0,44.0,28.3,2.24
216.0,55.6,8.91,14.0,20.0,19.4,2.8,0.28,0.4,180.0,45.0,127.0,40.9,3.01
217.0,55.6,8.91,28.0,20.0,19.4,2.8,0.28,0.4,180.0,45.0,154.0,50.8,3.64
218.0,55.6,8.91,60.0,20.0,19.4,2.8,0.28,0.4,180.0,45.0,124.0,59.5,4.32
219.0,55.6,8.91,90.0,20.0,19.4,2.8,0.28,0.4,180.0,45.0,125.0,65.4,4.43
220.0,51.019999999999996,8.662,28.0,40.0,7.1,2.802,0.45,0.56,109.0,36.0,85.0,24.8,1.98
221.0,51.019999999999996,8.662,28.0,40.0,9.1,2.8019999999999996,0.45,0.56,111.0,36.0,86.0,28.1,2.23
222.0,52.5,8.764,28.0,40.0,11.2,2.802,0.45,0.56,113.0,36.0,83.0,29.8,2.41
223.0,52.5,8.764,28.0,40.0,13.3,2.824,0.45,0.56,116.0,36.0,85.0,31.5,2.47
224.0,53.739999999999995,8.844,28.0,40.0,15.5,2.8239999999999994,0.45,0.56,119.0,36.0,90.0,34.0,2.65
225.0,53.739999999999995,8.844,28.0,40.0,17.8,2.824,0.45,0.56,122.0,36.0,88.0,33.2,2.68
226.0,54.36,8.866,28.0,40.0,20.0,2.824,0.45,0.56,124.0,36.0,87.0,32.8,2.54
227.0,54.36,8.866,28.0,40.0,22.1,2.824,0.45,0.56,126.0,36.0,85.0,31.6,2.37
228.0,53.739999999999995,8.844,28.0,40.0,7.1,2.8239999999999994,0.45,0.56,129.0,42.0,171.0,24.1,2.01
229.0,53.739999999999995,8.844,28.0,40.0,9.1,2.8239999999999994,0.45,0.56,131.0,42.0,177.0,27.5,2.36
230.0,53.739999999999995,8.844,28.0,40.0,11.2,2.8239999999999994,0.45,0.56,133.0,42.0,182.0,29.0,2.37
231.0,53.739999999999995,8.844,28.0,40.0,13.3,2.8739999999999997,0.45,0.56,136.0,42.0,176.0,30.9,2.41
232.0,53.739999999999995,8.844,28.0,40.0,15.5,2.8739999999999997,0.45,0.56,139.0,42.0,175.0,33.7,2.47
233.0,53.739999999999995,8.844,28.0,40.0,17.8,2.888,0.45,0.56,142.0,42.0,179.0,32.4,2.56
234.0,53.739999999999995,8.844,28.0,40.0,20.0,2.896,0.45,0.56,144.0,42.0,180.0,31.2,2.52
235.0,53.739999999999995,8.844,28.0,40.0,22.1,2.9859999999999998,0.45,0.56,146.0,42.0,173.0,30.9,2.41
236.0,53.86,8.964,7.0,40.0,6.0,2.7619999999999996,0.36,0.48,126.0,35.0,50.0,24.6,1.95
237.0,53.86,8.963999999999999,7.0,40.0,9.0,2.7939999999999996,0.36,0.48,128.0,34.0,45.0,25.3,2.25
238.0,54.4,8.906,7.0,40.0,12.0,2.7379999999999995,0.36,0.48,130.0,34.0,60.0,25.0,2.09
239.0,53.86,8.964,7.0,40.0,15.0,2.8839999999999995,0.36,0.48,131.0,33.0,55.0,24.8,1.97
240.0,54.44,8.946000000000002,7.0,40.0,18.0,2.8559999999999994,0.36,0.48,135.0,33.0,60.0,26.1,2.29
241.0,53.279999999999994,8.982,28.0,40.0,6.0,2.79,0.36,0.48,126.0,35.0,50.0,40.1,3.13
242.0,53.28000000000001,8.982,28.0,40.0,9.0,2.7859999999999996,0.36,0.48,128.0,34.0,45.0,41.8,2.88
243.0,53.24000000000001,8.941999999999998,28.0,40.0,12.0,2.758,0.36,0.48,130.0,34.0,60.0,41.4,3.03
244.0,53.28000000000001,8.982,28.0,40.0,15.0,2.794,0.36,0.48,131.0,33.0,55.0,41.3,3.21
245.0,53.86,8.963999999999999,28.0,40.0,18.0,2.8839999999999995,0.36,0.48,135.0,33.0,60.0,41.1,3.07
246.0,53.81999999999999,8.924000000000001,90.0,40.0,6.0,2.942,0.36,0.48,126.0,35.0,50.0,55.1,3.82
247.0,53.81999999999999,8.924000000000001,90.0,40.0,9.0,2.942,0.36,0.48,128.0,34.0,45.0,56.1,3.9
248.0,53.779999999999994,8.884,90.0,40.0,12.0,2.942,0.36,0.48,130.0,34.0,60.0,51.0,3.79
249.0,53.81999999999999,8.924000000000001,90.0,40.0,15.0,2.9419999999999997,0.36,0.48,131.0,33.0,55.0,51.5,3.77
250.0,53.779999999999994,8.884,90.0,40.0,18.0,2.942,0.36,0.48,135.0,33.0,60.0,53.2,4.12
251.0,51.46,8.524000000000001,180.0,40.0,6.0,2.936,0.36,0.48,126.0,35.0,50.0,54.8,3.97
252.0,51.46,8.524000000000001,180.0,40.0,9.0,2.936,0.36,0.48,128.0,34.0,45.0,61.6,4.45
253.0,51.459999999999994,8.524000000000001,180.0,40.0,12.0,2.936,0.36,0.48,130.0,34.0,60.0,54.6,4.51
254.0,51.46,8.524000000000001,180.0,40.0,15.0,2.942,0.36,0.48,131.0,33.0,55.0,54.8,4.02
255.0,51.46,8.524000000000001,180.0,40.0,18.0,2.942,0.36,0.48,135.0,33.0,60.0,58.8,4.5
256.0,52.5,8.8,3.0,20.0,5.4,3.11,0.37,0.44,166.0,44.0,185.0,19.0,1.6
257.0,52.5,8.8,7.0,20.0,5.4,3.11,0.37,0.44,166.0,44.0,185.0,31.5,2.4
258.0,52.5,8.8,28.0,20.0,5.4,3.11,0.37,0.44,166.0,44.0,185.0,45.8,2.6
259.0,52.5,8.8,56.0,20.0,5.4,3.11,0.37,0.44,166.0,44.0,185.0,53.0,3.6
260.0,52.5,8.8,3.0,20.0,5.4,3.11,0.34,0.34,158.0,42.0,105.0,48.2,3.6
261.0,52.5,8.8,7.0,20.0,5.4,3.11,0.34,0.34,158.0,42.0,105.0,56.6,3.8
262.0,52.5,8.8,28.0,20.0,5.4,3.11,0.34,0.34,158.0,42.0,105.0,69.1,4.0
263.0,52.5,8.8,56.0,20.0,5.4,3.11,0.34,0.34,158.0,42.0,105.0,69.4,4.4
264.0,52.7,9.0,3.0,31.5,6.6,2.94,0.42,0.42,185.0,36.0,35.0,23.4,2.03
265.0,52.7,9.0,28.0,31.5,6.6,2.94,0.42,0.42,185.0,36.0,35.0,35.6,3.04
266.0,52.7,9.0,3.0,31.5,6.6,2.94,0.44,0.44,185.0,36.0,41.0,23.7,1.93
267.0,52.7,9.0,28.0,31.5,6.6,2.94,0.44,0.44,185.0,36.0,41.0,32.2,2.74
268.0,52.7,9.0,3.0,31.5,6.6,2.94,0.46,0.46,185.0,36.0,42.0,22.5,2.09
269.0,52.7,9.0,28.0,31.5,6.6,2.94,0.46,0.46,185.0,36.0,42.0,34.2,2.59
270.0,52.7,9.0,3.0,31.5,6.6,2.94,0.42,0.42,185.0,32.0,25.0,23.6,1.69
271.0,52.7,9.0,28.0,31.5,6.6,2.94,0.42,0.42,185.0,32.0,25.0,35.8,2.43
272.0,52.7,9.0,3.0,31.5,6.6,2.94,0.44,0.44,185.0,34.0,33.0,25.2,1.52
273.0,52.7,9.0,28.0,31.5,6.6,2.94,0.44,0.44,185.0,34.0,33.0,38.3,2.6
274.0,52.7,9.0,3.0,31.5,6.6,2.94,0.46,0.46,185.0,36.0,40.0,23.3,1.8
275.0,52.7,9.0,28.0,31.5,6.6,2.94,0.46,0.46,185.0,36.0,40.0,37.2,3.24
276.0,43.7,7.5,3.0,25.0,0.4,2.3,0.3,0.425,153.0,41.0,220.0,46.3,3.04
277.0,43.7,7.5,7.0,25.0,0.4,2.3,0.3,0.425,153.0,41.0,220.0,58.5,3.53
278.0,43.7,7.5,28.0,25.0,0.4,2.3,0.3,0.425,153.0,41.0,220.0,72.7,4.15
279.0,43.7,7.5,60.0,25.0,0.4,2.3,0.3,0.425,153.0,41.0,220.0,76.8,4.59
280.0,43.7,7.5,90.0,25.0,0.4,2.3,0.3,0.425,153.0,41.0,220.0,80.8,4.82
281.0,43.7,7.5,120.0,25.0,0.4,2.3,0.3,0.425,153.0,41.0,220.0,83.8,5.03
282.0,43.7,7.5,180.0,25.0,0.4,2.3,0.3,0.425,153.0,41.0,220.0,84.6,5.07
283.0,43.7,7.5,365.0,25.0,0.4,2.3,0.3,0.425,153.0,41.0,220.0,87.2,5.14
284.0,43.7,7.5,3.0,25.0,2.3,3.1,0.3,0.428,152.0,38.0,210.0,46.2,3.19
285.0,43.7,7.5,7.0,25.0,2.3,3.1,0.3,0.428,152.0,38.0,210.0,56.9,3.58
286.0,43.7,7.5,28.0,25.0,2.3,3.1,0.3,0.428,152.0,38.0,210.0,74.5,4.36
287.0,43.7,7.5,60.0,25.0,2.3,3.1,0.3,0.428,152.0,38.0,210.0,79.3,4.65
288.0,43.7,7.5,90.0,25.0,2.3,3.1,0.3,0.428,152.0,38.0,210.0,81.3,4.89
289.0,43.7,7.5,120.0,25.0,2.3,3.1,0.3,0.428,152.0,38.0,210.0,82.6,4.99
290.0,43.7,7.5,180.0,25.0,2.3,3.1,0.3,0.428,152.0,38.0,210.0,83.5,5.05
291.0,43.7,7.5,365.0,25.0,2.3,3.1,0.3,0.428,152.0,38.0,210.0,85.2,5.17
292.0,43.7,7.5,3.0,25.0,2.3400000000000003,3.1,0.3,0.428,152.0,38.0,215.0,48.5,3.24
293.0,43.7,7.5,7.0,25.0,3.5200000000000005,3.1,0.3,0.428,152.0,38.0,215.0,60.4,3.8
294.0,43.7,7.5,28.0,25.0,3.5200000000000005,3.1,0.3,0.428,152.0,38.0,215.0,75.9,4.49
295.0,43.7,7.5,60.0,25.0,2.3400000000000003,3.1,0.3,0.428,152.0,38.0,215.0,82.1,4.78
296.0,43.7,7.5,90.0,25.0,2.72,3.1,0.3,0.428,152.0,38.0,215.0,84.2,4.92
297.0,43.7,7.5,120.0,25.0,3.5200000000000005,3.1,0.3,0.428,152.0,38.0,215.0,86.1,5.05
298.0,43.7,7.5,180.0,25.0,3.5200000000000005,3.1,0.3,0.428,152.0,38.0,215.0,88.6,5.18
299.0,43.7,7.5,365.0,25.0,3.5200000000000005,3.1,0.3,0.428,152.0,38.0,215.0,90.7,5.39
300.0,43.7,7.5,3.0,25.0,6.3,3.1,0.3,0.428,152.0,38.0,202.0,50.7,3.42
301.0,43.7,7.5,7.0,25.0,6.3,3.1,0.3,0.428,152.0,38.0,202.0,61.0,3.9
302.0,43.7,7.5,28.0,25.0,6.3,3.1,0.3,0.428,152.0,38.0,202.0,79.5,4.73
303.0,43.7,7.5,60.0,25.0,6.3,3.1,0.3,0.428,152.0,38.0,202.0,85.4,5.05
304.0,43.7,7.5,90.0,25.0,6.3,3.1,0.3,0.428,152.0,38.0,202.0,87.3,5.18
305.0,43.7,7.5,120.0,25.0,6.3,3.1,0.3,0.428,152.0,38.0,202.0,88.5,5.24
306.0,43.7,7.5,180.0,25.0,6.3,3.1,0.3,0.428,152.0,38.0,202.0,90.2,5.32
307.0,43.7,7.5,365.0,25.0,6.3,3.1,0.3,0.428,152.0,38.0,202.0,92.2,5.48
308.0,43.7,7.5,3.0,25.0,4.7,3.1,0.3,0.3,152.0,38.0,205.0,58.7,3.54
309.0,43.7,7.5,7.0,25.0,4.7,3.1,0.3,0.3,152.0,38.0,205.0,66.7,3.98
310.0,43.7,7.5,28.0,25.0,4.4,3.1,0.3,0.3,152.0,38.0,205.0,78.8,4.61
311.0,43.7,7.5,60.0,25.0,4.319999999999999,3.1,0.3,0.3,152.0,38.0,205.0,84.1,4.97
312.0,43.7,7.5,90.0,25.0,4.319999999999999,3.1,0.3,0.3,152.0,38.0,205.0,86.2,5.15
313.0,43.7,7.5,120.0,25.0,3.5199999999999996,3.1,0.3,0.3,152.0,38.0,205.0,86.9,5.19
314.0,43.7,7.5,180.0,25.0,3.5200000000000005,3.1,0.3,0.3,152.0,38.0,205.0,87.1,5.22
315.0,43.7,7.5,365.0,25.0,3.5200000000000005,3.1,0.3,0.3,152.0,38.0,205.0,88.1,5.23
316.0,43.7,7.5,3.0,25.0,3.5199999999999996,3.1,0.32,0.457,152.0,39.0,208.0,44.0,3.16
317.0,43.7,7.5,7.0,25.0,4.7,3.1,0.32,0.457,152.0,39.0,208.0,56.1,3.54
318.0,43.7,7.5,28.0,25.0,3.0,3.1,0.32,0.457,152.0,39.0,208.0,70.7,4.32
319.0,43.7,7.5,60.0,25.0,4.319999999999999,3.1,0.32,0.457,152.0,39.0,208.0,78.7,4.76
320.0,43.7,7.5,90.0,25.0,4.319999999999999,3.1,0.32,0.457,152.0,39.0,208.0,82.5,4.96
321.0,43.7,7.5,120.0,25.0,3.5199999999999996,3.1,0.32,0.457,152.0,39.0,208.0,85.7,5.11
322.0,43.7,7.5,180.0,25.0,3.5200000000000005,3.1,0.32,0.457,152.0,39.0,208.0,88.2,5.25
323.0,43.7,7.5,365.0,25.0,3.5200000000000005,3.1,0.32,0.457,152.0,39.0,208.0,92.0,5.4
324.0,55.8,10.8,7.0,25.0,4.2,2.8,0.24,0.3,135.0,34.0,180.0,76.7,6.0
325.0,55.8,10.8,28.0,25.0,4.2,2.8,0.24,0.3,135.0,34.0,180.0,93.5,6.7
326.0,55.8,10.8,7.0,25.0,9.69,2.74,0.24,0.3,135.0,34.0,180.0,84.4,5.8
327.0,55.8,10.8,28.0,25.0,9.69,2.74,0.24,0.3,135.0,34.0,180.0,95.3,6.9
328.0,55.8,10.8,7.0,25.0,4.2,2.8,0.24,0.3,135.0,34.0,180.0,78.1,5.5
329.0,55.8,10.8,28.0,25.0,4.2,2.8,0.24,0.3,135.0,34.0,180.0,90.2,6.2
330.0,55.8,10.8,7.0,25.0,4.2,2.8,0.24,0.3,135.0,34.0,180.0,82.4,5.8
331.0,55.8,10.8,28.0,25.0,4.2,2.8,0.24,0.3,135.0,34.0,180.0,90.6,6.4
332.0,55.8,10.8,7.0,25.0,9.69,2.74,0.24,0.3,135.0,34.0,180.0,83.1,5.9
333.0,55.8,10.8,28.0,25.0,9.69,2.74,0.24,0.3,135.0,34.0,180.0,89.4,6.7
334.0,55.2,8.9,28.0,25.0,0.8,2.85,0.33,0.47,176.0,41.7,240.0,67.3,4.35
335.0,55.2,8.9,28.0,25.0,0.8,2.85,0.33,0.47,168.0,38.8,220.0,67.4,4.38
336.0,55.2,8.9,28.0,25.0,0.8,2.85,0.33,0.47,160.0,36.1,190.0,68.0,4.48
337.0,55.2,8.9,28.0,25.0,0.8,2.85,0.33,0.47,153.0,33.5,30.0,69.1,4.52
338.0,55.2,8.9,28.0,25.0,0.8,2.85,0.33,0.47,166.0,35.0,203.0,68.0,4.42
339.0,55.2,8.9,28.0,25.0,0.8,2.85,0.33,0.47,160.0,36.0,190.0,68.0,4.48
340.0,55.2,8.9,28.0,25.0,0.8,2.85,0.33,0.47,155.0,37.0,130.0,69.3,4.5
341.0,55.2,8.9,28.0,25.0,0.8,2.85,0.33,0.47,149.0,38.0,60.0,73.5,4.55
342.0,55.2,8.9,28.0,25.0,0.8,2.85,0.33,0.47,144.0,39.0,25.0,68.8,4.32
343.0,55.2,8.9,28.0,25.0,0.8,2.85,0.33,0.47,153.0,33.5,140.0,69.1,4.52
344.0,55.2,8.9,28.0,25.0,0.8,2.85,0.33,0.47,147.0,34.5,130.0,69.2,4.53
345.0,55.2,8.9,28.0,25.0,0.8,2.85,0.33,0.47,145.0,35.0,115.0,70.8,4.55
346.0,55.2,8.9,28.0,25.0,0.8,2.85,0.33,0.47,142.0,35.5,105.0,71.9,4.58
347.0,55.2,8.9,28.0,25.0,0.8,2.85,0.33,0.47,139.0,36.0,85.0,70.3,4.43
348.0,55.2,8.9,28.0,25.0,0.8,2.85,0.45,0.47,173.0,38.0,260.0,46.3,3.25
349.0,55.2,8.9,28.0,25.0,0.8,2.85,0.4,0.47,164.0,38.0,240.0,55.0,3.56
350.0,55.2,8.9,28.0,25.0,0.8,2.85,0.35,0.47,154.0,38.0,160.0,66.5,3.85
351.0,55.2,8.9,28.0,25.0,0.8,2.85,0.33,0.47,149.0,38.0,60.0,73.5,4.55
352.0,55.2,8.9,28.0,25.0,0.8,2.85,0.32,0.47,147.0,38.0,40.0,74.3,4.6
353.0,55.2,8.9,28.0,25.0,0.8,2.85,0.3,0.47,142.0,38.0,80.0,82.5,4.65
354.0,55.2,8.9,28.0,25.0,0.8,2.85,0.25,0.47,128.0,38.0,30.0,70.8,4.28
355.0,55.2,8.9,28.0,25.0,0.8,2.85,0.3,0.43,120.0,38.0,50.0,78.0,4.35
356.0,55.2,8.9,28.0,25.0,0.8,2.85,0.3,0.43,142.0,38.0,50.0,82.5,4.65
357.0,55.2,8.9,28.0,25.0,0.8,2.85,0.3,0.43,163.0,38.0,50.0,76.5,4.25
358.0,55.2,8.9,28.0,25.0,0.8,2.85,0.3,0.43,184.0,38.0,50.0,76.0,4.19
359.0,55.2,8.9,28.0,25.0,0.8,2.85,0.3,0.43,206.0,38.0,50.0,74.2,4.14
360.0,55.2,8.9,28.0,25.0,0.8,2.85,0.3,0.43,248.0,38.0,50.0,74.0,4.13
361.0,55.2,8.9,28.0,25.0,0.8,2.85,0.3,0.43,291.0,38.0,50.0,74.0,4.12
362.0,52.6,9.4,28.0,20.0,11.4,3.0,0.44,0.51,205.0,39.0,195.0,52.03,3.3
363.0,53.120000000000005,9.3,28.0,20.0,9.559999999999999,3.0,0.39,0.47,205.0,38.0,195.0,60.14,3.7
364.0,55.2,8.9,28.0,20.0,4.32,3.0,0.33,0.41,170.0,38.0,225.0,80.37,4.4
365.0,55.2,8.9,28.0,20.0,4.32,3.0,0.26,0.4,175.0,37.0,230.0,89.24,4.6
366.0,52.6,9.4,7.0,25.0,0.0,3.1,0.55,0.55,180.0,42.0,120.0,24.3,1.28
367.0,52.6,9.4,28.0,25.0,0.0,3.1,0.55,0.55,180.0,42.0,120.0,34.6,1.68
368.0,52.6,9.4,7.0,25.0,3.0,3.1,0.55,0.55,180.0,42.0,140.0,24.8,1.34
369.0,52.6,9.4,28.0,25.0,3.0,3.1,0.55,0.55,180.0,42.0,140.0,34.9,1.8
370.0,52.6,9.4,7.0,25.0,5.0,3.1,0.55,0.55,180.0,42.0,150.0,25.9,1.34
371.0,52.6,9.4,28.0,25.0,5.0,3.1,0.55,0.55,180.0,42.0,150.0,35.9,1.82
372.0,52.6,9.4,7.0,25.0,7.0,3.1,0.55,0.55,180.0,42.0,175.0,25.5,1.48
373.0,52.6,9.4,28.0,25.0,7.0,3.1,0.55,0.55,180.0,42.0,175.0,36.4,1.96
374.0,52.6,9.4,7.0,25.0,10.0,3.1,0.55,0.55,180.0,42.0,180.0,26.3,1.64
375.0,52.6,9.4,28.0,25.0,10.0,3.1,0.55,0.55,180.0,42.0,180.0,37.9,2.15
376.0,52.6,9.4,7.0,25.0,15.0,3.1,0.55,0.55,180.0,42.0,190.0,27.4,1.72
377.0,52.6,9.4,28.0,25.0,15.0,3.1,0.55,0.55,180.0,42.0,190.0,38.2,2.19
378.0,52.6,9.4,7.0,25.0,20.0,3.1,0.55,0.55,180.0,42.0,160.0,25.7,1.81
379.0,52.6,9.4,28.0,25.0,20.0,3.1,0.55,0.55,180.0,42.0,160.0,36.5,2.17
380.0,52.6,9.4,3.0,20.0,3.0,3.3,0.3,0.38,166.0,48.0,210.0,48.9,3.35
381.0,53.64,9.2,7.0,20.0,3.0,3.3,0.3,0.38,166.0,48.0,210.0,64.1,5.36
382.0,54.67999999999999,9.0,28.0,20.0,3.0,3.3,0.3,0.38,166.0,48.0,210.0,80.2,5.75
383.0,52.6,9.4,3.0,20.0,7.0,3.3,0.3,0.38,166.0,48.0,210.0,49.0,3.07
384.0,53.64,9.2,7.0,20.0,7.0,3.3,0.3,0.38,166.0,48.0,210.0,66.3,5.65
385.0,54.67999999999999,9.0,28.0,20.0,7.0,3.3,0.3,0.38,166.0,48.0,210.0,80.1,6.01
386.0,53.120000000000005,9.3,3.0,20.0,10.0,3.3,0.3,0.38,166.0,48.0,220.0,48.2,2.97
387.0,53.120000000000005,9.3,7.0,20.0,10.0,3.3,0.3,0.38,166.0,48.0,220.0,61.7,5.33
388.0,54.160000000000004,9.1,28.0,20.0,10.0,3.3,0.3,0.38,166.0,48.0,220.0,75.3,5.85
389.0,49.36,8.76,28.0,36.0,12.040000000000001,2.8400000000000003,0.44,0.44,179.0,30.0,124.0,51.2,3.78
390.0,49.36,8.76,28.0,36.0,12.040000000000001,2.84,0.44,0.44,179.0,30.0,124.0,54.0,3.96
391.0,44.5,7.8,28.0,25.0,4.2,2.6,0.54,0.54,185.0,38.0,40.0,28.8,2.73
392.0,44.5,7.8,28.0,25.0,4.2,2.6,0.45,0.45,185.0,38.0,45.0,35.0,3.31
393.0,44.5,7.8,28.0,25.0,4.2,2.6,0.4,0.4,190.0,38.0,45.0,39.8,3.72
394.0,52.94,8.139999999999999,28.0,80.0,18.0,2.8,0.46,0.46,135.0,27.0,61.4,28.9,1.98
395.0,49.36,8.76,28.0,80.0,16.8,2.8,0.46,0.46,160.0,32.0,76.6,33.3,2.42
396.0,49.36,8.76,28.0,80.0,21.7,2.8,0.46,0.46,160.0,32.0,105.6,30.2,2.26
397.0,49.36,8.76,28.0,80.0,21.8,2.8,0.48,0.48,150.0,34.0,105.6,30.0,2.15
398.0,52.94,8.139999999999999,28.0,80.0,21.8,2.8,0.48,0.48,130.0,28.0,59.8,28.0,1.98
399.0,52.94,8.139999999999999,28.0,80.0,16.7,2.8,0.48,0.48,130.0,28.0,62.2,25.3,1.89
400.0,52.94,8.139999999999999,28.0,80.0,18.0,2.8,0.53,0.53,130.0,29.0,58.0,24.9,1.84
401.0,52.94,8.139999999999999,28.0,80.0,18.2,2.8,0.53,0.53,130.0,29.0,58.2,22.5,1.7
402.0,52.94,8.139999999999999,28.0,80.0,17.4,2.8,0.53,0.53,130.0,29.0,58.0,26.7,1.84
403.0,52.94,8.139999999999999,28.0,80.0,17.5,2.8,0.58,0.58,134.0,29.0,58.0,24.4,1.7
404.0,52.94,8.139999999999999,28.0,80.0,16.8,2.8,0.58,0.58,134.0,29.0,58.0,29.6,2.25
405.0,50.32000000000001,8.02,28.0,80.0,20.0,2.8,0.58,0.58,134.0,29.0,58.2,21.3,1.7
406.0,50.32000000000001,8.02,28.0,80.0,18.2,2.8,0.63,0.63,133.0,30.0,58.2,20.0,1.59
407.0,50.32000000000001,8.02,28.0,80.0,18.2,2.8,0.63,0.63,138.0,30.0,58.2,19.0,1.36
408.0,50.32000000000001,8.02,28.0,80.0,20.0,2.8,0.63,0.63,133.0,31.0,58.2,18.2,1.42
409.0,45.739999999999995,8.080000000000002,28.0,20.0,12.1,3.1,0.5,0.5,187.6,34.8,72.0,26.5,2.69
410.0,45.739999999999995,8.08,28.0,20.0,15.0,3.1,0.5,0.5,188.4,34.8,57.0,31.8,2.91
411.0,45.739999999999995,8.08,28.0,20.0,18.0,3.1,0.5,0.5,188.6,34.8,60.0,30.9,2.83
412.0,45.739999999999995,8.08,28.0,20.0,21.0,3.1,0.5,0.5,188.6,34.8,58.0,30.8,2.69
413.0,45.739999999999995,8.08,28.0,64.0,13.8,2.6,0.5,0.5,156.2,29.8,60.0,22.3,2.26
414.0,45.739999999999995,8.08,28.0,28.0,20.8,2.9,0.5,0.5,167.6,29.8,60.0,28.4,2.42
415.0,45.739999999999995,8.08,28.0,32.0,25.9,3.3,0.5,0.5,177.4,29.8,58.0,26.5,2.36
416.0,44.67999999999999,7.860000000000001,28.0,40.0,5.0,2.9999999999999996,0.5,0.5,187.0,40.4,61.4,27.5,2.31
417.0,44.67999999999999,7.860000000000001,28.0,40.0,10.0,3.0,0.5,0.5,188.0,40.4,61.4,28.1,2.42
418.0,44.8,7.9,28.0,40.0,15.0,3.0,0.5,0.5,189.0,42.0,59.0,29.2,2.39
419.0,44.8,7.9,28.0,40.0,20.0,3.0,0.5,0.5,190.0,42.0,59.2,28.7,2.54
420.0,44.8,7.9,28.0,40.0,25.0,2.9999999999999996,0.5,0.5,191.0,42.0,59.2,29.8,2.36
421.0,45.36,8.02,28.0,40.0,5.0,2.8,0.6,0.6,183.0,42.0,115.6,24.2,2.0
422.0,44.8,7.9,28.0,40.0,10.0,2.8,0.6,0.6,184.0,42.0,115.6,25.1,2.04
423.0,44.8,7.9,28.0,40.0,15.0,2.8,0.6,0.6,185.0,42.0,115.6,26.6,2.31
424.0,44.8,7.9,28.0,40.0,20.0,2.8,0.6,0.6,186.0,42.0,117.6,23.5,2.17
425.0,44.8,7.9,28.0,40.0,25.0,2.8,0.6,0.6,187.0,42.0,121.6,23.1,1.99
426.0,47.7,7.9,28.0,80.0,5.0,2.8800000000000003,0.5,0.5,150.0,29.8,72.6,29.0,2.5
427.0,50.32000000000001,8.02,28.0,80.0,10.0,2.8800000000000003,0.5,0.5,151.0,29.8,72.6,31.2,2.64
428.0,52.94000000000001,8.14,28.0,80.0,15.0,2.88,0.5,0.5,152.0,30.6,72.6,34.8,2.76
429.0,47.68,8.02,28.0,80.0,20.0,2.88,0.5,0.5,153.0,30.6,67.6,33.5,2.57
430.0,47.68000000000001,8.02,28.0,80.0,25.0,2.88,0.5,0.5,154.0,30.6,67.6,32.9,2.49
431.0,47.7,7.9,28.0,80.0,5.0,2.8800000000000003,0.7,0.7,151.0,29.8,72.6,21.6,1.87
432.0,47.7,7.9,28.0,80.0,10.0,2.8800000000000003,0.7,0.7,151.0,29.8,72.6,23.3,2.09
433.0,47.7,7.9,28.0,80.0,15.0,2.8800000000000003,0.7,0.7,152.0,29.8,72.6,26.3,2.09
434.0,47.7,7.9,28.0,80.0,20.0,2.88,0.7,0.7,152.0,29.8,67.6,23.5,1.74
435.0,47.7,7.9,28.0,80.0,25.0,2.88,0.7,0.7,154.0,29.8,67.6,22.5,1.7
436.0,44.8,7.9,7.0,31.5,5.0,2.6,0.5,0.5,180.0,42.0,200.0,25.9,1.38
437.0,44.8,7.9,28.0,31.5,5.0,2.6,0.5,0.5,180.0,42.0,200.0,35.9,1.82
438.0,44.8,7.9,7.0,31.5,10.0,2.6,0.5,0.5,180.0,42.0,200.0,25.5,1.64
439.0,44.8,7.9,28.0,31.5,10.0,2.6,0.5,0.5,180.0,42.0,200.0,35.9,2.15
440.0,44.8,7.9,7.0,31.5,15.0,2.6,0.5,0.5,180.0,42.0,210.0,25.4,1.72
441.0,44.8,7.9,28.0,31.5,15.0,2.6,0.5,0.5,180.0,42.0,210.0,35.9,2.19
442.0,44.8,7.9,7.0,31.5,20.0,2.6,0.5,0.5,180.0,42.0,220.0,24.7,2.01
443.0,44.8,7.9,28.0,31.5,20.0,2.6,0.5,0.5,180.0,42.0,220.0,35.5,2.17
444.0,47.6,8.5,7.0,40.0,6.0,3.2,0.55,0.55,175.0,42.0,100.0,27.3,1.6
445.0,47.6,8.5,7.0,40.0,12.0,3.2,0.55,0.55,175.0,41.0,85.0,30.1,1.7
446.0,47.6,8.5,7.0,40.0,18.0,3.2,0.55,0.55,175.0,40.0,75.0,31.7,2.0
447.0,47.6,8.5,28.0,40.0,6.0,3.2,0.55,0.55,175.0,42.0,100.0,33.3,2.1
448.0,47.6,8.5,28.0,40.0,12.0,3.2,0.55,0.55,175.0,41.0,85.0,36.3,2.4
449.0,47.6,8.5,28.0,40.0,18.0,3.2,0.55,0.55,175.0,40.0,75.0,38.0,2.6
450.0,51.7,9.1,28.0,25.0,6.0,3.2,0.38,0.38,179.0,35.0,180.0,61.3,4.25
451.0,51.7,9.1,28.0,25.0,9.0,3.2,0.38,0.38,179.0,35.0,180.0,62.7,4.34
452.0,51.7,9.1,28.0,25.0,12.0,3.2,0.38,0.38,179.0,35.0,180.0,60.8,4.01
453.0,51.7,9.1,28.0,25.0,12.0,3.2,0.38,0.38,179.0,35.0,140.0,60.6,4.29
454.0,51.7,9.1,28.0,25.0,12.0,3.2,0.38,0.38,179.0,35.0,155.0,62.4,4.17
455.0,60.8,8.5,28.0,80.0,17.2,2.67,0.38,0.38,114.0,26.0,54.6,39.8,2.71
456.0,60.8,8.5,28.0,80.0,17.2,2.67,0.38,0.38,114.0,26.0,55.6,34.3,2.92
457.0,47.7,7.9,28.0,80.0,17.2,2.67,0.62,0.77,120.0,30.0,55.0,17.9,1.22
458.0,47.7,7.9,28.0,80.0,17.2,2.67,0.62,0.77,120.0,30.0,55.0,18.6,1.8
459.0,47.7,7.9,28.0,80.0,17.2,2.67,0.62,0.77,120.0,30.0,55.0,20.6,1.94
460.0,47.7,7.9,28.0,80.0,17.2,2.67,0.62,0.77,120.0,30.0,55.0,18.2,1.8
461.0,47.7,7.9,28.0,80.0,17.2,2.67,0.62,0.77,120.0,30.0,55.0,23.7,1.83
462.0,52.94,8.139999999999999,28.0,80.0,12.0,2.88,0.5,0.625,110.0,26.0,61.0,32.5,2.88
463.0,52.94,8.139999999999999,28.0,80.0,16.0,2.73,0.5,0.625,110.0,26.0,51.0,35.8,2.73
464.0,52.94,8.139999999999999,28.0,80.0,16.0,2.73,0.5,0.625,110.0,28.0,52.0,30.2,2.4
465.0,52.94,8.139999999999999,28.0,80.0,21.0,2.54,0.4,0.5,110.0,24.0,56.0,39.6,2.74
466.0,52.94,8.139999999999999,28.0,80.0,21.0,2.54,0.5,0.625,110.0,26.0,58.0,30.7,2.47
467.0,52.94,8.139999999999999,28.0,80.0,21.0,2.54,0.6,0.75,110.0,28.0,53.0,36.5,2.14
468.0,47.660000000000004,8.139999999999999,7.0,40.0,0.0,2.882,0.4,0.4,190.0,30.0,5.0,37.2,2.45
469.0,47.660000000000004,8.139999999999999,7.0,40.0,10.0,2.882,0.4,0.4,190.0,30.0,5.0,29.6,2.69
470.0,47.660000000000004,8.139999999999999,7.0,40.0,20.0,2.882,0.4,0.4,190.0,30.0,5.0,38.4,2.4
471.0,47.660000000000004,8.139999999999999,7.0,40.0,30.0,2.882,0.4,0.4,190.0,30.0,5.0,41.1,2.78
472.0,47.660000000000004,8.139999999999999,7.0,48.0,40.0,2.882,0.4,0.4,190.0,30.0,5.0,42.5,3.07
473.0,47.66,8.139999999999999,7.0,40.0,0.0,2.882,0.7,0.7,190.0,34.0,5.0,16.4,1.13
474.0,47.660000000000004,8.139999999999999,7.0,40.0,10.0,2.882,0.7,0.7,190.0,34.0,5.0,17.9,1.36
475.0,47.660000000000004,8.139999999999999,7.0,48.0,20.0,2.882,0.7,0.7,190.0,34.0,5.0,16.3,1.08
476.0,47.660000000000004,8.139999999999999,7.0,48.0,30.0,2.882,0.7,0.7,190.0,34.0,5.0,19.7,1.47
477.0,47.67999999999999,8.02,7.0,48.0,40.0,2.776,0.7,0.7,190.0,34.0,5.0,21.0,1.38
478.0,47.67999999999999,8.02,7.0,40.0,0.0,2.776,1.0,1.0,190.0,42.0,5.0,7.9,0.62
479.0,47.660000000000004,8.139999999999999,7.0,48.0,10.0,2.882,1.0,1.0,190.0,42.0,5.0,9.5,0.71
480.0,47.660000000000004,8.139999999999999,7.0,48.0,20.0,2.882,1.0,1.0,190.0,42.0,5.0,10.5,0.8
481.0,47.660000000000004,8.139999999999999,7.0,56.0,30.0,2.882,1.0,1.0,190.0,42.0,5.0,12.4,0.99
482.0,47.67999999999999,8.02,7.0,56.0,40.0,2.776,1.0,1.0,190.0,42.0,5.0,13.1,1.11
483.0,47.660000000000004,8.139999999999999,28.0,40.0,0.0,2.888,0.4,0.4,190.0,30.0,5.0,46.4,2.88
484.0,47.660000000000004,8.139999999999999,28.0,48.0,10.0,2.914,0.4,0.4,190.0,30.0,5.0,48.1,3.01
485.0,47.660000000000004,8.139999999999999,28.0,56.0,20.0,2.914,0.4,0.4,190.0,30.0,5.0,50.5,3.23
486.0,47.660000000000004,8.139999999999999,28.0,56.0,30.0,2.914,0.4,0.4,190.0,30.0,5.0,50.1,2.9
487.0,47.660000000000004,8.139999999999999,28.0,56.0,40.0,2.888,0.4,0.4,190.0,30.0,5.0,51.6,3.15
488.0,47.67999999999999,8.02,28.0,40.0,0.0,2.782,0.7,0.7,190.0,34.0,5.0,23.8,1.82
489.0,47.67999999999999,8.02,28.0,48.0,10.0,2.808,0.7,0.7,190.0,34.0,5.0,24.4,1.9
490.0,47.67999999999999,8.02,28.0,56.0,20.0,2.8140000000000005,0.7,0.7,190.0,34.0,5.0,27.7,1.62
491.0,47.67999999999999,8.02,28.0,56.0,30.0,2.814,0.7,0.7,190.0,34.0,5.0,25.7,1.86
492.0,47.68000000000001,8.02,28.0,64.0,40.0,2.682,0.7,0.7,190.0,34.0,5.0,26.7,1.58
493.0,47.7,7.9,28.0,48.0,0.0,2.708,1.0,1.0,190.0,42.0,5.0,14.1,0.98
494.0,47.67999999999999,8.02,28.0,56.0,10.0,2.734,1.0,1.0,190.0,42.0,5.0,13.0,1.18
495.0,47.67999999999999,8.02,28.0,56.0,20.0,2.84,1.0,1.0,190.0,42.0,5.0,14.2,1.23
496.0,47.67999999999999,8.02,28.0,56.0,30.0,2.734,1.0,1.0,190.0,42.0,5.0,17.2,1.33
497.0,47.7,7.9,28.0,56.0,40.0,2.708,1.0,1.0,190.0,42.0,5.0,17.3,1.39
498.0,47.7,7.9,7.0,80.0,15.0,2.8,0.5,0.66,104.0,30.0,44.0,20.4,1.61
499.0,47.7,7.9,7.0,80.0,15.0,2.8,0.5,0.66,108.0,30.0,49.0,19.9,1.57
500.0,47.7,7.9,7.0,80.0,15.0,2.8,0.5,0.66,110.0,30.0,36.0,19.2,1.53
501.0,47.7,7.9,7.0,80.0,15.0,2.8,0.5,0.66,114.0,30.0,45.0,18.4,1.5
502.0,47.7,7.9,7.0,80.0,15.0,2.8,0.5,0.66,115.0,30.0,40.0,18.4,1.5
503.0,50.32000000000001,8.02,28.0,80.0,15.0,2.8,0.5,0.66,104.0,30.0,44.0,29.7,3.04
504.0,50.32000000000001,8.02,28.0,80.0,15.0,2.8,0.5,0.66,108.0,30.0,49.0,29.7,3.02
505.0,50.32000000000001,8.02,28.0,80.0,15.0,2.8,0.5,0.66,110.0,30.0,36.0,28.5,2.91
506.0,47.7,7.9,28.0,80.0,15.0,2.8,0.5,0.66,114.0,30.0,45.0,27.4,2.84
507.0,47.7,7.9,28.0,80.0,15.0,2.8,0.5,0.66,115.0,30.0,40.0,27.1,2.75
508.0,52.94,8.139999999999999,90.0,80.0,15.0,2.8,0.5,0.66,104.0,30.0,44.0,40.9,3.43
509.0,52.94,8.139999999999999,90.0,80.0,15.0,2.8,0.5,0.66,108.0,30.0,49.0,40.2,3.37
510.0,52.94,8.139999999999999,90.0,80.0,15.0,2.8,0.5,0.66,110.0,30.0,36.0,39.4,3.26
511.0,52.94000000000001,8.14,90.0,80.0,15.0,2.8,0.5,0.66,114.0,30.0,45.0,38.3,3.19
512.0,52.94000000000001,8.14,90.0,80.0,15.0,2.8,0.5,0.66,115.0,30.0,40.0,37.5,3.15
513.0,47.6,8.5,28.0,40.0,24.0,2.7,0.57,0.57,192.0,35.0,86.0,21.8,2.41
514.0,47.6,8.5,28.0,40.0,24.0,2.7,0.43,0.43,193.0,32.0,80.0,39.7,3.68
515.0,47.7,7.9,7.0,120.0,12.1,2.56,0.55,0.92,83.5,26.5,55.0,8.1,0.56
516.0,47.7,7.9,7.0,120.0,12.1,2.56,0.55,0.92,83.5,26.5,42.0,9.7,0.68
517.0,47.7,7.9,7.0,120.0,12.1,2.56,0.55,0.92,83.5,27.0,55.0,9.9,0.72
518.0,47.7,7.9,7.0,120.0,12.1,2.56,0.55,0.92,83.5,27.0,49.0,10.7,0.8
519.0,47.7,7.9,7.0,120.0,12.1,2.56,0.45,0.64,98.0,29.5,60.0,15.2,1.2
520.0,47.7,7.9,7.0,120.0,12.1,2.56,0.45,0.64,98.0,29.5,46.0,16.7,1.21
521.0,47.7,7.9,7.0,120.0,12.1,2.56,0.45,0.64,98.0,30.0,54.0,19.2,1.38
522.0,47.7,7.9,7.0,120.0,12.1,2.56,0.45,0.64,98.0,30.0,51.0,19.6,1.31
523.0,47.7,7.9,28.0,120.0,12.1,2.56,0.55,0.92,83.5,26.5,55.0,12.6,0.95
524.0,56.519999999999996,8.2,28.0,120.0,12.1,2.56,0.55,0.92,83.5,26.5,42.0,14.7,1.12
525.0,47.7,7.9,28.0,120.0,12.1,2.56,0.55,0.92,83.5,27.0,55.0,16.4,1.39
526.0,56.519999999999996,8.2,28.0,120.0,12.1,2.56,0.55,0.92,83.5,27.0,49.0,16.6,1.41
527.0,47.7,7.9,28.0,80.0,12.1,2.56,0.45,0.64,98.0,29.5,60.0,23.5,1.73
528.0,50.64000000000001,8.0,28.0,80.0,12.1,2.56,0.45,0.64,98.0,29.5,46.0,26.7,1.78
529.0,50.32000000000001,8.02,28.0,80.0,12.1,2.56,0.45,0.64,98.0,30.0,54.0,28.3,1.88
530.0,53.25999999999999,8.12,28.0,80.0,12.1,2.56,0.45,0.64,98.0,30.0,51.0,31.1,2.08
531.0,50.32000000000001,8.02,90.0,120.0,12.1,2.56,0.55,0.92,83.5,26.5,55.0,21.1,1.51
532.0,53.580000000000005,8.1,90.0,120.0,12.1,2.56,0.55,0.92,83.5,26.5,42.0,24.2,1.65
533.0,50.31999999999999,8.02,90.0,120.0,12.1,2.56,0.55,0.92,83.5,27.0,55.0,26.8,1.76
534.0,56.52,8.2,90.0,120.0,12.1,2.56,0.55,0.92,83.5,27.0,49.0,26.1,2.11
535.0,52.94,8.14,90.0,120.0,12.1,2.56,0.45,0.64,98.0,29.5,60.0,36.7,2.45
536.0,52.94000000000001,8.14,90.0,120.0,12.1,2.56,0.45,0.64,98.0,29.5,46.0,37.0,2.44
537.0,52.94,8.139999999999999,90.0,120.0,12.1,2.56,0.45,0.64,98.0,30.0,54.0,40.4,2.65
538.0,52.94,8.139999999999999,90.0,120.0,12.1,2.56,0.45,0.64,98.0,30.0,51.0,41.1,2.9
539.0,62.4,8.4,7.0,120.0,11.2,2.44,0.45,0.64,87.0,27.0,57.0,18.6,1.43
540.0,62.4,8.4,7.0,120.0,11.2,2.44,0.45,0.64,87.0,26.0,47.0,12.9,1.03
541.0,62.4,8.4,7.0,120.0,11.2,2.44,0.5,0.83,87.0,28.0,52.0,13.3,0.98
542.0,62.4,8.4,7.0,120.0,11.2,2.44,0.5,0.83,87.0,27.0,42.0,9.6,0.71
543.0,62.4,8.4,7.0,40.0,13.0,2.68,0.5,0.83,89.0,36.0,5.0,15.5,0.79
544.0,62.4,8.4,7.0,40.0,13.0,2.68,0.5,1.0,88.0,36.0,5.0,11.9,0.72
545.0,62.4,8.4,7.0,40.0,13.0,2.68,0.5,1.11,88.0,36.0,5.0,9.3,0.61
546.0,62.4,8.4,7.0,40.0,11.2,2.44,0.5,0.83,103.0,36.0,5.0,11.6,0.9
547.0,62.4,8.4,7.0,40.0,11.2,2.44,0.5,1.0,102.0,36.0,5.0,9.2,0.72
548.0,62.4,8.4,7.0,40.0,11.2,2.44,0.5,1.11,102.0,36.0,5.0,7.8,0.65
549.0,62.4,8.4,28.0,88.0,11.2,2.44,0.45,0.64,87.0,27.0,57.0,29.8,2.23
550.0,62.4,8.4,28.0,104.0,11.2,2.44,0.45,0.64,87.0,26.0,47.0,22.3,1.56
551.0,62.4,8.4,28.0,96.0,11.2,2.44,0.5,0.83,87.0,28.0,52.0,23.5,1.73
552.0,62.4,8.4,28.0,104.0,11.2,2.44,0.5,0.83,87.0,27.0,42.0,18.0,1.46
553.0,62.4,8.4,28.0,40.0,13.0,2.68,0.5,0.83,89.0,36.0,5.0,23.6,2.04
554.0,62.4,8.4,28.0,40.0,13.0,2.68,0.5,1.0,88.0,36.0,5.0,21.5,1.8
555.0,62.4,8.4,28.0,40.0,13.0,2.68,0.5,1.11,88.0,36.0,5.0,19.9,1.62
556.0,62.4,8.4,28.0,40.0,11.2,2.44,0.5,0.83,103.0,36.0,5.0,21.6,1.96
557.0,62.4,8.4,28.0,40.0,11.2,2.44,0.5,1.0,102.0,36.0,5.0,20.0,1.69
558.0,62.4,8.4,28.0,40.0,11.2,2.44,0.5,1.11,102.0,36.0,5.0,18.5,1.53
559.0,62.4,8.4,90.0,40.0,13.0,2.68,0.5,0.83,89.0,36.0,5.0,32.8,2.2
560.0,62.4,8.4,90.0,40.0,13.0,2.68,0.5,1.0,88.0,36.0,5.0,28.0,2.12
561.0,62.4,8.4,90.0,40.0,13.0,2.68,0.5,1.11,88.0,36.0,5.0,25.5,2.1
562.0,62.4,8.4,90.0,40.0,11.2,2.44,0.5,0.83,103.0,36.0,5.0,29.8,2.52
563.0,62.4,8.4,90.0,40.0,11.2,2.44,0.5,1.0,102.0,36.0,5.0,27.8,2.18
564.0,62.4,8.4,90.0,40.0,11.2,2.44,0.5,1.11,102.0,36.0,5.0,26.9,1.95
565.0,62.4,8.4,28.0,80.0,10.8,2.42,0.45,0.64,98.0,30.0,33.0,28.8,1.71
566.0,62.4,8.4,28.0,80.0,12.4,2.57,0.45,0.64,95.0,31.0,40.0,30.6,1.99
567.0,62.4,8.4,28.0,120.0,10.8,2.42,0.55,0.92,88.0,27.0,42.0,14.7,1.1
568.0,62.4,8.4,28.0,120.0,12.4,2.57,0.55,0.92,85.0,28.0,45.0,20.2,1.43
569.0,62.4,8.4,90.0,80.0,10.8,2.42,0.45,0.64,98.0,30.0,33.0,41.3,2.33
570.0,62.4,8.4,90.0,80.0,12.4,2.57,0.45,0.64,95.0,31.0,40.0,44.0,3.0
571.0,62.4,8.4,90.0,120.0,10.8,2.42,0.55,0.92,88.0,27.0,42.0,24.8,1.8
572.0,62.4,8.4,90.0,120.0,12.4,2.57,0.55,0.92,85.0,28.0,45.0,30.9,2.26
573.0,62.4,8.4,7.0,40.0,11.9,2.86,0.5,0.83,88.0,36.0,5.0,15.5,0.79
574.0,62.4,8.4,7.0,40.0,11.9,2.86,0.5,1.0,88.0,36.0,5.0,11.9,0.72
575.0,62.4,8.4,7.0,40.0,11.9,2.86,0.5,1.11,88.0,36.0,5.0,9.3,0.61
576.0,62.4,8.4,7.0,40.0,11.9,2.86,0.5,1.11,88.0,36.0,5.0,7.5,0.6
577.0,62.4,8.4,7.0,40.0,11.9,2.86,0.5,1.25,88.0,36.0,5.0,7.8,0.47
578.0,62.4,8.4,7.0,40.0,11.9,2.86,0.5,1.43,88.0,36.0,5.0,5.8,0.46
579.0,62.4,8.4,7.0,40.0,6.1,2.92,0.5,0.83,102.0,36.0,5.0,11.6,0.9
580.0,62.4,8.4,7.0,40.0,6.1,2.92,0.5,1.0,102.0,36.0,5.0,9.2,0.72
581.0,62.4,8.4,7.0,40.0,6.1,2.92,0.5,1.11,102.0,36.0,5.0,7.8,0.65
582.0,62.4,8.4,7.0,60.0,11.9,2.86,0.5,0.83,75.0,36.0,5.0,14.0,1.18
583.0,62.4,8.4,7.0,60.0,11.9,2.86,0.5,1.0,75.0,36.0,5.0,12.5,0.84
584.0,62.4,8.4,7.0,60.0,11.9,2.86,0.5,1.11,75.0,36.0,5.0,9.2,0.62
585.0,62.4,8.4,7.0,60.0,11.9,2.86,0.5,1.25,75.0,36.0,5.0,8.3,0.57
586.0,62.4,8.4,7.0,60.0,11.9,2.86,0.5,1.43,75.0,36.0,5.0,6.9,0.56
587.0,62.4,8.4,7.0,80.0,11.9,2.86,0.5,0.83,71.0,33.8,5.0,15.2,0.96
588.0,62.4,8.4,7.0,80.0,11.9,2.86,0.5,1.0,71.0,33.8,5.0,12.9,0.86
589.0,62.4,8.4,7.0,80.0,11.9,2.86,0.5,1.11,71.0,33.8,5.0,10.3,0.65
590.0,62.4,8.4,7.0,80.0,11.9,2.86,0.5,1.11,71.0,33.8,5.0,9.0,0.64
591.0,62.4,8.4,7.0,80.0,11.9,2.86,0.5,1.25,71.0,33.8,5.0,7.4,0.52
592.0,62.4,8.4,7.0,80.0,11.9,2.86,0.5,1.43,71.0,33.8,5.0,4.8,0.35
593.0,62.4,8.4,7.0,80.0,6.1,2.92,0.5,0.83,82.0,33.8,5.0,12.4,0.96
594.0,62.4,8.4,7.0,80.0,6.1,2.92,0.5,1.0,82.0,33.8,5.0,9.2,0.72
595.0,62.4,8.4,7.0,80.0,6.1,2.92,0.5,1.11,82.0,33.8,5.0,6.8,0.55
596.0,62.4,8.4,7.0,80.0,6.1,2.92,0.5,1.25,82.0,33.8,5.0,6.5,0.54
597.0,62.4,8.4,7.0,80.0,6.1,2.92,0.5,1.43,82.0,33.8,5.0,6.8,0.54
598.0,62.4,8.4,28.0,40.0,11.9,2.86,0.5,0.83,88.0,36.0,5.0,23.6,2.04
599.0,62.4,8.4,28.0,40.0,11.9,2.86,0.5,1.0,88.0,36.0,5.0,21.5,1.8
600.0,62.4,8.4,28.0,40.0,11.9,2.86,0.5,1.11,88.0,36.0,5.0,19.9,1.62
601.0,62.4,8.4,28.0,40.0,11.9,2.86,0.5,1.11,88.0,36.0,5.0,13.2,1.13
602.0,62.4,8.4,28.0,40.0,11.9,2.86,0.5,1.25,88.0,36.0,5.0,15.9,1.4
603.0,62.4,8.4,28.0,40.0,11.9,2.86,0.5,1.43,88.0,36.0,5.0,11.3,1.08
604.0,62.4,8.4,28.0,40.0,6.1,2.92,0.5,0.83,102.0,36.0,5.0,21.6,1.96
605.0,62.4,8.4,28.0,40.0,6.1,2.92,0.5,1.0,102.0,36.0,5.0,20.0,1.69
606.0,62.4,8.4,28.0,40.0,6.1,2.92,0.5,1.11,102.0,36.0,5.0,18.5,1.53
607.0,62.4,8.4,28.0,60.0,11.9,2.86,0.5,0.83,75.0,34.8,5.0,24.5,2.18
608.0,62.4,8.4,28.0,60.0,11.9,2.86,0.5,1.0,75.0,34.8,5.0,21.4,1.63
609.0,62.4,8.4,28.0,60.0,11.9,2.86,0.5,1.11,75.0,34.8,5.0,19.6,1.26
610.0,62.4,8.4,28.0,60.0,11.9,2.86,0.5,1.25,75.0,34.8,5.0,16.9,1.09
611.0,62.4,8.4,28.0,60.0,11.9,2.86,0.5,1.43,75.0,34.8,5.0,13.2,1.02
612.0,62.4,8.4,28.0,80.0,11.9,2.86,0.5,0.83,71.0,30.2,5.0,24.1,2.1
613.0,62.4,8.4,28.0,80.0,11.9,2.86,0.5,1.0,71.0,30.2,5.0,21.5,1.8
614.0,62.4,8.4,28.0,80.0,11.9,2.86,0.5,1.11,71.0,30.2,5.0,20.1,1.6
615.0,62.4,8.4,28.0,80.0,11.9,2.86,0.5,1.11,71.0,30.2,5.0,16.2,1.46
616.0,62.4,8.4,28.0,80.0,11.9,2.86,0.5,1.25,71.0,30.2,5.0,14.9,1.45
617.0,62.4,8.4,28.0,80.0,11.9,2.86,0.5,1.43,71.0,30.2,5.0,10.1,1.08
618.0,62.4,8.4,28.0,80.0,6.1,2.92,0.5,0.83,82.0,30.0,5.0,21.8,1.92
619.0,62.4,8.4,28.0,80.0,6.1,2.92,0.5,1.0,82.0,30.0,5.0,18.9,1.42
620.0,62.4,8.4,28.0,80.0,6.1,2.92,0.5,1.11,82.0,30.0,5.0,14.0,1.06
621.0,62.4,8.4,28.0,80.0,6.1,2.92,0.5,1.25,82.0,30.0,5.0,13.5,1.11
622.0,62.4,8.4,28.0,80.0,6.1,2.92,0.5,1.43,82.0,30.0,5.0,12.9,1.16
623.0,62.4,8.4,90.0,40.0,11.9,2.86,0.5,0.83,88.0,36.0,5.0,32.8,2.2
624.0,62.4,8.4,90.0,40.0,11.9,2.86,0.5,1.0,88.0,36.0,5.0,28.0,2.12
625.0,62.4,8.4,90.0,40.0,11.9,2.86,0.5,1.11,88.0,36.0,5.0,25.5,2.1
626.0,62.4,8.4,90.0,40.0,11.9,2.86,0.5,1.11,88.0,36.0,5.0,24.4,2.09
627.0,62.4,8.4,90.0,40.0,11.9,2.86,0.5,1.25,88.0,36.0,5.0,22.9,2.05
628.0,62.4,8.4,90.0,40.0,11.9,2.86,0.5,1.43,88.0,36.0,5.0,20.8,1.99
629.0,62.4,8.4,90.0,40.0,6.1,2.92,0.5,0.83,102.0,33.6,5.0,29.8,2.52
630.0,62.4,8.4,90.0,40.0,6.1,2.92,0.5,1.0,102.0,33.6,5.0,27.8,2.18
631.0,62.4,8.4,90.0,40.0,6.1,2.92,0.5,1.11,102.0,33.6,5.0,26.9,1.95
632.0,62.4,8.4,90.0,60.0,11.9,2.86,0.5,0.83,75.0,30.0,5.0,34.6,2.88
633.0,62.4,8.4,90.0,60.0,11.9,2.86,0.5,1.0,75.0,30.0,5.0,27.9,2.29
634.0,62.4,8.4,90.0,60.0,11.9,2.86,0.5,1.11,75.0,30.0,5.0,24.3,2.08
635.0,62.4,8.4,90.0,60.0,11.9,2.86,0.5,1.25,75.0,30.0,5.0,23.5,1.93
636.0,62.4,8.4,90.0,60.0,11.9,2.86,0.5,1.43,75.0,30.0,5.0,22.5,1.8
637.0,62.4,8.4,90.0,80.0,11.9,2.86,0.5,0.83,71.0,30.0,5.0,33.4,2.45
638.0,62.4,8.4,90.0,80.0,11.9,2.86,0.5,1.0,71.0,30.0,5.0,30.1,2.2
639.0,62.4,8.4,90.0,80.0,11.9,2.86,0.5,1.11,71.0,30.0,5.0,29.1,2.13
640.0,62.4,8.4,90.0,80.0,11.9,2.86,0.5,1.11,71.0,30.0,5.0,21.5,1.9
641.0,62.4,8.4,90.0,80.0,11.9,2.86,0.5,1.25,71.0,30.0,5.0,20.2,2.05
642.0,62.4,8.4,90.0,80.0,11.9,2.86,0.5,1.43,71.0,30.0,5.0,17.5,1.87
643.0,62.4,8.4,90.0,80.0,6.1,2.92,0.5,0.83,82.0,30.0,5.0,30.2,2.49
644.0,62.4,8.4,90.0,80.0,6.1,2.92,0.5,1.0,82.0,30.0,5.0,28.2,2.21
645.0,62.4,8.4,90.0,80.0,6.1,2.92,0.5,1.11,82.0,30.0,5.0,27.7,2.1
646.0,62.4,8.4,90.0,80.0,6.1,2.92,0.5,1.25,82.0,30.0,5.0,27.0,2.01
647.0,62.4,8.4,90.0,80.0,6.1,2.92,0.5,1.43,82.0,30.0,5.0,26.5,2.0
648.0,52.9,8.4,7.0,80.0,6.0,2.68,0.5,0.67,104.0,30.0,50.0,15.2,1.44
649.0,52.9,8.4,7.0,80.0,9.0,2.68,0.5,0.67,112.0,30.0,48.0,15.2,1.56
650.0,52.9,8.4,7.0,80.0,12.0,2.68,0.5,0.67,114.0,30.0,50.0,16.4,1.59
651.0,52.9,8.4,7.0,80.0,15.0,2.68,0.5,0.67,115.0,30.0,40.0,18.5,1.5
652.0,52.9,8.4,7.0,80.0,18.0,2.68,0.5,0.67,117.0,30.0,44.0,16.2,1.62
653.0,52.9,8.4,7.0,80.0,15.0,2.68,0.5,0.67,110.0,30.0,36.0,18.2,1.7
654.0,52.9,8.4,7.0,80.0,15.0,2.68,0.5,0.67,108.0,30.0,49.0,15.8,1.58
655.0,52.9,8.4,7.0,80.0,9.0,2.68,0.5,0.67,111.0,30.0,41.0,16.6,1.54
656.0,52.9,8.4,7.0,80.0,6.0,2.68,0.5,0.67,112.0,30.0,50.0,17.2,1.58
657.0,52.9,8.4,28.0,80.0,6.0,2.68,0.5,0.67,104.0,30.0,50.0,22.6,2.49
658.0,52.9,8.4,28.0,80.0,9.0,2.68,0.5,0.67,112.0,30.0,48.0,26.2,2.33
659.0,52.9,8.4,28.0,80.0,12.0,2.68,0.5,0.67,114.0,30.0,50.0,24.2,2.36
660.0,52.9,8.4,28.0,80.0,15.0,2.68,0.5,0.67,115.0,30.0,40.0,27.3,2.75
661.0,52.9,8.4,28.0,80.0,18.0,2.68,0.5,0.67,117.0,30.0,44.0,26.7,2.76
662.0,52.9,8.4,28.0,80.0,15.0,2.68,0.5,0.67,110.0,30.0,36.0,26.5,2.48
663.0,52.9,8.4,28.0,80.0,15.0,2.68,0.5,0.67,108.0,30.0,49.0,23.1,2.27
664.0,52.9,8.4,28.0,80.0,9.0,2.68,0.5,0.67,111.0,30.0,41.0,28.2,2.97
665.0,52.9,8.4,28.0,80.0,6.0,2.68,0.5,0.67,112.0,30.0,50.0,30.2,2.9
666.0,52.9,8.4,90.0,80.0,6.0,2.68,0.5,0.67,104.0,30.0,50.0,29.9,3.54
667.0,52.9,8.4,90.0,80.0,9.0,2.68,0.5,0.67,112.0,30.0,48.0,32.0,3.42
668.0,52.9,8.4,90.0,80.0,12.0,2.68,0.5,0.67,114.0,30.0,50.0,33.0,3.18
669.0,52.9,8.4,90.0,80.0,15.0,2.68,0.5,0.67,115.0,30.0,40.0,37.9,3.15
670.0,52.9,8.4,90.0,80.0,18.0,2.68,0.5,0.67,117.0,30.0,44.0,37.1,3.21
671.0,52.9,8.4,90.0,80.0,15.0,2.68,0.5,0.67,110.0,30.0,36.0,34.8,3.18
672.0,52.9,8.4,90.0,80.0,15.0,2.68,0.5,0.67,108.0,30.0,49.0,34.2,2.69
673.0,52.9,8.4,90.0,80.0,9.0,2.68,0.5,0.67,111.0,30.0,41.0,32.6,3.14
674.0,52.9,8.4,90.0,80.0,6.0,2.68,0.5,0.67,112.0,30.0,50.0,39.6,3.11
675.0,52.9,8.4,7.0,80.0,15.0,2.8,0.5,0.67,104.0,30.0,44.0,20.4,1.61
676.0,52.9,8.4,7.0,80.0,15.0,2.8,0.5,0.67,108.0,30.0,49.0,19.9,1.57
677.0,52.9,8.4,7.0,80.0,15.0,2.8,0.5,0.67,110.0,30.0,36.0,19.2,1.53
678.0,52.9,8.4,7.0,80.0,15.0,2.8,0.5,0.67,114.0,30.0,45.0,18.4,1.5
679.0,52.9,8.4,7.0,80.0,15.0,2.8,0.5,0.67,115.0,30.0,40.0,18.4,1.5
680.0,52.9,8.4,28.0,80.0,15.0,2.8,0.5,0.67,104.0,30.0,44.0,29.7,3.04
681.0,52.9,8.4,28.0,80.0,15.0,2.8,0.5,0.67,108.0,30.0,49.0,29.7,3.02
682.0,52.9,8.4,28.0,80.0,15.0,2.8,0.5,0.67,110.0,30.0,36.0,28.5,2.91
683.0,52.9,8.4,28.0,80.0,15.0,2.8,0.5,0.67,114.0,30.0,45.0,27.4,2.84
684.0,52.9,8.4,28.0,80.0,15.0,2.8,0.5,0.67,115.0,30.0,40.0,27.1,2.75
685.0,52.9,8.4,90.0,80.0,15.0,2.8,0.5,0.67,104.0,30.0,44.0,40.9,3.43
686.0,52.9,8.4,90.0,80.0,15.0,2.8,0.5,0.67,108.0,30.0,49.0,40.2,3.37
687.0,52.9,8.4,90.0,80.0,15.0,2.8,0.5,0.67,110.0,30.0,36.0,39.4,3.26
688.0,52.9,8.4,90.0,80.0,15.0,2.8,0.5,0.67,114.0,30.0,45.0,38.3,3.19
689.0,52.9,8.4,90.0,80.0,15.0,2.8,0.5,0.67,115.0,30.0,40.0,37.5,3.15
690.0,39.42,8.4,7.0,12.0,19.2,2.8,0.37,0.65,178.75,53.0,140.0,26.56,1.92
691.0,39.42,8.4,28.0,12.0,19.2,2.8,0.37,0.65,178.75,53.0,140.0,33.12,2.34
692.0,39.42,8.4,90.0,12.0,19.2,2.776,0.37,0.65,178.75,53.0,141.0,39.94,3.32
693.0,39.42,8.4,7.0,12.0,19.2,2.8,0.34,0.55,178.75,53.0,141.0,32.17,2.67
694.0,39.42,8.4,28.0,12.0,19.2,2.8,0.34,0.55,178.75,53.0,140.0,40.49,3.03
695.0,39.42,8.4,90.0,12.0,19.2,2.776,0.34,0.55,178.75,53.0,139.0,49.7,3.68
696.0,48.07,8.4,7.0,12.0,19.2,2.8,0.34,0.55,178.75,53.0,139.0,43.15,2.9
697.0,48.07,8.4,28.0,12.0,19.2,2.8,0.34,0.55,178.75,53.0,140.0,49.26,3.12
698.0,48.07,8.4,90.0,12.0,19.2,2.8,0.34,0.55,178.75,53.0,140.0,63.7,4.1
699.0,48.07,8.4,7.0,12.0,19.2,2.8,0.31,0.45,180.0,53.0,139.0,55.85,3.85
700.0,48.07,8.4,28.0,12.0,19.2,2.8,0.31,0.45,180.0,53.0,140.0,63.72,3.86
701.0,48.07,8.4,90.0,12.0,19.2,2.8,0.31,0.45,180.0,53.0,140.0,79.17,4.19
702.0,39.42,8.4,7.0,12.0,19.2,2.8,0.4,0.65,178.75,54.0,145.0,28.0,2.22
703.0,39.42,8.4,28.0,12.0,19.2,2.8,0.4,0.65,178.75,54.0,145.0,35.47,3.34
704.0,39.42,8.4,90.0,12.0,19.2,2.776,0.4,0.65,178.75,54.0,145.0,44.25,3.47
705.0,39.42,8.4,7.0,12.0,19.2,2.8,0.36,0.55,178.75,54.0,135.0,33.42,2.31
706.0,39.42,8.4,28.0,12.0,19.2,2.8,0.36,0.55,178.75,54.0,135.0,41.43,3.52
707.0,39.42,8.4,90.0,12.0,19.2,2.776,0.36,0.55,178.75,54.0,135.0,52.35,3.98
708.0,48.07,8.4,7.0,12.0,19.2,2.8,0.36,0.55,178.75,54.0,140.0,42.97,3.61
709.0,48.07,8.4,28.0,12.0,19.2,2.8,0.36,0.55,178.75,54.0,140.0,46.85,4.25
710.0,48.07,8.4,90.0,12.0,19.2,2.8,0.36,0.55,178.75,54.0,140.0,60.65,4.59
711.0,48.07,8.4,7.0,12.0,19.2,2.8,0.32,0.45,180.0,54.0,140.0,47.71,3.75
712.0,48.07,8.4,28.0,12.0,19.2,2.8,0.32,0.45,180.0,54.0,140.0,65.37,4.69
713.0,48.07,8.4,90.0,12.0,19.2,2.8,0.32,0.45,180.0,54.0,140.0,73.7,4.76
